"dataset","index","season","first_year","last_year","n","threshold","return_period","alpha","sigma","xi","mu_f","endpoint_2003","endpoint_1976","requested","successful","inf_2003","inf_1976"
"ERA5","Tx3x","Annual",1950,2025,76,30.9033560588701,25,2.82558726333624,1.05114349922188,-0.164941185398715,28.2907281600175,32.968214075737,31.5554204440689,200,200,23,90
"ERA5","Tx3x","June",1950,2025,76,29.6797844850424,100,2.9251582766723,1.32069024203953,-0.225282261542883,25.8971044152364,30.0043895274272,28.541810389091,200,200,95,153
"CPC","Tx3x","Annual",1979,2025,47,33.1803296234144,25,3.66730704700789,0.778775809263466,0.19332769106126,29.7325685035035,Inf,Inf,200,200,0,2
"CPC","Tx3x","June",1979,2025,47,30.6827811952484,100,3.93538822894258,1.09595385969488,-0.243454844675563,27.6500186585478,29.7904577300321,27.8227636155608,200,188,132,168
"Berkeley Earth","Tx3x","Annual",1897,2023,127,31.9169433536223,25,1.89998600773414,1.08015362839415,-0.178494608409979,29.2845854946767,34.1960575057505,33.2460645018834,200,200,3,36
"Berkeley Earth","Tx3x","June",1897,2024,128,31.200146387371,100,2.22408591619514,1.26509749129695,-0.207541495654701,27.4508374535413,32.2120222839425,31.099979325845,200,200,29,114
"E-OBS","Tx3x","Annual",1920,2025,106,32.0533979847402,25,2.40078967890325,1.05558068971842,-0.169021320592724,29.4452983007218,34.2500761930867,33.0496813536351,200,200,9,67
"E-OBS","Tx3x","June",1920,2025,106,31.6003121641728,100,2.96563150354572,1.35781600576545,-0.18094316426772,27.3606370159574,33.0853603619616,31.6025446101888,200,200,43,113
"CPC","Tn3x","Annual",1979,2025,47,18.4052927649423,20,1.96449690615072,0.591477584920158,-0.164945625599696,17.0163861296933,19.4235823240292,18.4413338709538,200,199,49,110
"CPC","Tn3x","June",1979,2025,47,17.4367663069577,100,2.61893571396031,0.66701040660089,-0.293694374209509,15.7538132677698,16.4535556301835,15.1440877732034,200,178,158,171
"E-OBS","Tn3x","Annual",1920,2025,106,17.2937469790971,20,0.915516984501658,0.758833990346721,-0.264644843089567,15.732873926313,18.0509311155609,17.59317262331,200,200,6,60
"E-OBS","Tn3x","June",1920,2025,106,17.7931636098428,100,1.72539089948145,0.86351582510361,-0.095487789065892,14.578434011759,22.586406289936,21.7237108401953,200,200,1,22
