"reference","delta_G","return_period","gmst_factual","threshold_C","p_factual","p_counterfactual","log_RR","RR","FAR","intensity_change","index","season","n_years","RR_high","RR_low","FAR_high","FAR_low","intensity_change_high","intensity_change_low","bootstrap_success","dataset"
"2003-like",0.6,25,1.24309151785715,30.9033560588701,0.04,0.00107742932843791,3.61430150172588,37.1254048355943,0.973064266789052,1.69535235800175,"Tx3x","Annual",76,Inf,6.17184854945995,1,0.83793659618937,2.08466185996421,1.34976047065413,200,"ERA5"
"1976-like",1.1,25,1.24309151785715,30.9033560588701,0.04,9.94496237020434e-07,10.6021536975818,40221.3688810349,0.999975137594075,3.10814598966987,"Tx3x","Annual",76,Inf,31.940523616335,1,0.968669984889993,3.82188007660105,2.4745608628659,200,"ERA5"
"2003-like",0.6,100,1.24309151785715,29.6797844850424,0.01,2.63986087893247e-06,8.23961415358058,3788.07840966372,0.999736013912107,1.75509496600338,"Tx3x","June",76,Inf,10.0301242303984,1,0.90024514566617,2.24156188779971,1.29811768785239,200,"ERA5"
"1976-like",1.1,100,1.24309151785715,29.6797844850424,0.01,0,Inf,Inf,1,3.21767410433953,"Tx3x","June",76,Inf,91.3634045011667,1,0.989014928382576,4.10953012763279,2.37988242772938,200,"ERA5"
"2003-like",0.6,25,1.24309151785715,33.1803296234144,0.04,0.0106908065167613,1.31949528601443,3.74153249685016,0.732729837080966,2.20038422820474,"Tx3x","Annual",47,57.1271624806572,1.66603618929677,0.98234493743486,0.399765206726481,2.59177316106307,1.76838328134943,200,"CPC"
"1976-like",1.1,25,1.24309151785715,33.1803296234144,0.04,0.00437088381404572,2.21391421967831,9.15146723220166,0.890727904648857,4.03403775170868,"Tx3x","Annual",47,6352.40139274818,2.37093543980003,0.999727655576955,0.578210700075529,4.75158412861563,3.24203601580729,200,"CPC"
"2003-like",0.6,100,1.24309151785715,30.6827811952484,0.01,0,Inf,Inf,1,2.36123293736555,"Tx3x","June",47,Inf,20.6072565924517,1,0.951472436551352,3.13501663281274,1.604176360425,188,"CPC"
"1976-like",1.1,100,1.24309151785715,30.6827811952484,0.01,0,Inf,Inf,1,4.32892705183684,"Tx3x","June",47,Inf,296.102766234185,1,0.996619576217278,5.74753049349003,2.94098999411249,188,"CPC"
"2003-like",0.6,25,1.24309151785715,32.0533979847402,0.04,0.0020643368175231,2.96407043302369,19.3766829426576,0.948391579561922,1.44047380734195,"Tx3x","Annual",106,Inf,4.90086752095248,1,0.795918784666505,1.8138519227242,1.07909443898149,200,"E-OBS"
"1976-like",1.1,25,1.24309151785715,32.0533979847402,0.04,1.92143610491886e-05,7.64097676234156,2081.77622443964,0.99951964097377,2.64086864679357,"Tx3x","Annual",106,Inf,18.8261415866855,1,0.946882299658147,3.32539519166103,1.97833980479939,200,"E-OBS"
"2003-like",0.6,100,1.24309151785715,31.6003121641728,0.01,0.000129326973048347,4.34799649969151,77.32339019689,0.987067302695165,1.77937890212743,"Tx3x","June",106,Inf,8.13796205382041,1,0.877112981139485,2.21880411277044,1.43090155145951,200,"E-OBS"
"1976-like",1.1,100,1.24309151785715,31.6003121641728,0.01,3.23859346031732e-20,40.2713925555307,308776020285675328,1,3.26219465390029,"Tx3x","June",106,Inf,66.213992832107,1,0.984896725619358,4.06780754007914,2.6233195110091,200,"E-OBS"
"2003-like",0.6,25,1.24309151785715,31.9169433536223,0.04,0.00419890598658398,2.25405544214003,9.52629092620908,0.8950273503354,1.13999160464048,"Tx3x","Annual",127,15723.5266605045,3.56589858061598,0.999936085868744,0.7195643890483,1.44134897720579,0.80299802044928,200,"Berkeley"
"1976-like",1.1,25,1.24309151785715,31.9169433536223,0.04,0.000205074702022791,5.27326042022409,195.050874659102,0.99487313244943,2.08998460850755,"Tx3x","Annual",127,Inf,11.7526411708718,1,0.914912697176148,2.64247312487729,1.47216303749035,200,"Berkeley"
"2003-like",0.6,100,1.24309151785715,31.200146387371,0.01,0.000174662164555464,4.04748675210126,57.2533841284468,0.982533783544454,1.33445154971708,"Tx3x","June",128,Inf,7.55360332486539,1,0.867612790771094,1.71851796314969,0.980407061613981,200,"Berkeley"
"1976-like",1.1,100,1.24309151785715,31.200146387371,0.01,0,Inf,Inf,1,2.44649450781465,"Tx3x","June",128,Inf,66.7086457086289,1,0.985004672487109,3.15061626577444,1.7974129462923,200,"Berkeley"
"2003-like",0.6,20,1.24309151785715,18.4052927649423,0.05,0.000484518501644457,4.63662266671991,103.195233681066,0.990309629967111,1.17869814369043,"Tn3x","Annual",47,Inf,5.46510192432565,1,0.817019915366678,1.59542243264551,0.787145115534647,199,"CPC"
"1976-like",1.1,20,1.24309151785715,18.4052927649423,0.05,7.72918338952239e-13,24.8928707200674,64689886990.8813,0.999999999984542,2.16094659676579,"Tn3x","Annual",47,Inf,22.4453807365107,1,0.955401784644441,2.92494112651677,1.44309937848019,199,"CPC"
"2003-like",0.6,100,1.24309151785715,17.4367663069577,0.01,0,Inf,Inf,1,1.57136142837619,"Tn3x","June",47,Inf,159.491757453246,1,0.992568089638672,2.01507261582324,1.13310338433078,178,"CPC"
"1976-like",1.1,100,1.24309151785715,17.4367663069577,0.01,0,Inf,Inf,1,2.88082928535634,"Tn3x","June",47,Inf,363761.047800916,1,0.999951007715658,3.69429979567595,2.07735620460644,178,"CPC"
"2003-like",0.6,20,1.24309151785715,17.2937469790971,0.05,0.00650816848510648,2.03896492748414,7.68265297900964,0.86983663029787,0.549310190700995,"Tn3x","Annual",106,Inf,2.69908400592505,1,0.629467047738427,0.806160943523569,0.29271941546613,200,"E-OBS"
"1976-like",1.1,20,1.24309151785715,17.2937469790971,0.05,0.000196050646671141,5.54140525717628,255.036139125167,0.996078987066577,1.00706868295182,"Tn3x","Annual",106,Inf,7.11877803514158,1,0.859466682230553,1.47796172979321,0.536652261687904,200,"E-OBS"
"2003-like",0.6,100,1.24309151785715,17.7931636098428,0.01,0.00129571994900197,2.04351860714754,7.71771709442499,0.870428005099803,1.03523453968887,"Tn3x","June",106,619.4727812802,2.85636015084342,0.998385657479065,0.64989996288203,1.32208952368325,0.812396444488389,200,"E-OBS"
"1976-like",1.1,100,1.24309151785715,17.7931636098428,0.01,0.000162282376188472,4.12100249122313,61.6209858080101,0.983771762381153,1.89792998942959,"Tn3x","June",106,Inf,6.64161063776525,1,0.84943345930334,2.42383079341929,1.48939348156205,200,"E-OBS"
